<?xml version = '1.0' encoding = 'UTF-8'?>
<Entity class="oracle.dbtools.crest.model.design.logical.Entity" directorySegmentName="seg_0" id="0015734B-BA28-B61C-9B0B-E306A5329E1B" name="Current Project">
<createdBy>sperl</createdBy>
<createdTime>2016-04-26 04:52:39 UTC</createdTime>
<ownerDesignName>logicalmodel_part2</ownerDesignName>
<adequatelyNormalized>NO</adequatelyNormalized>
<expectedVolumes>0</expectedVolumes>
<fwdEngineeringStrategyName>Single Table</fwdEngineeringStrategyName>
<growthPercent>0</growthPercent>
<growthType>Year</growthType>
<hierarchicalParent>27665ABE-ADFC-091B-715C-CD7F2EB761DA</hierarchicalParent>
<maxVolumes>9999999</maxVolumes>
<minVolumes>0</minVolumes>
<normalForm>Third</normalForm>
<attributes itemClass="oracle.dbtools.crest.model.design.logical.Attribute">
<Attribute name="project_active" id="BDF6D36A-F87E-83AE-93D1-85540FF5E087">
<createdBy>sperl</createdBy>
<createdTime>2016-04-26 04:52:47 UTC</createdTime>
<ownerDesignName>logicalmodel_part2</ownerDesignName>
<nullsAllowed>true</nullsAllowed>
<useDomainConstraints>false</useDomainConstraints>
<use>1</use>
<logicalDatatype>LOGDT011</logicalDatatype>
<ownDataTypeParameters>,,</ownDataTypeParameters>
</Attribute>
</attributes>
</Entity>