<?xml version = '1.0' encoding = 'UTF-8'?>
<Entity class="oracle.dbtools.crest.model.design.logical.Entity" directorySegmentName="seg_0" id="155AA804-FB7A-EC8E-1D38-EB10187B54C3" name="Interim Manager">
<createdBy>sperl</createdBy>
<createdTime>2016-04-26 05:04:31 UTC</createdTime>
<ownerDesignName>logicalmodel_part2</ownerDesignName>
<adequatelyNormalized>NO</adequatelyNormalized>
<expectedVolumes>0</expectedVolumes>
<fwdEngineeringStrategyName>Single Table</fwdEngineeringStrategyName>
<growthPercent>0</growthPercent>
<growthType>Year</growthType>
<hierarchicalParent>7157DD33-B01A-4074-C181-A3FB4B305AF3</hierarchicalParent>
<maxVolumes>9999999</maxVolumes>
<minVolumes>0</minVolumes>
<normalForm>Third</normalForm>
<attributes itemClass="oracle.dbtools.crest.model.design.logical.Attribute">
<Attribute name="bonus" id="AA6D2FDF-45A0-7E7D-49C6-A13646973971">
<createdBy>sperl</createdBy>
<createdTime>2016-04-26 05:06:08 UTC</createdTime>
<ownerDesignName>logicalmodel_part2</ownerDesignName>
<nullsAllowed>true</nullsAllowed>
<useDomainConstraints>false</useDomainConstraints>
<use>1</use>
<logicalDatatype>LOGDT011</logicalDatatype>
<ownDataTypeParameters>,,</ownDataTypeParameters>
</Attribute>
</attributes>
</Entity>