<?xml version = '1.0' encoding = 'UTF-8'?>
<Entity class="oracle.dbtools.crest.model.design.logical.Entity" directorySegmentName="seg_0" id="27665ABE-ADFC-091B-715C-CD7F2EB761DA" name="Project">
<createdBy>sperl</createdBy>
<createdTime>2016-04-26 04:49:27 UTC</createdTime>
<ownerDesignName>logicalmodel_part2</ownerDesignName>
<adequatelyNormalized>NO</adequatelyNormalized>
<expectedVolumes>0</expectedVolumes>
<fwdEngineeringStrategyName>Single Table</fwdEngineeringStrategyName>
<growthPercent>0</growthPercent>
<growthType>Year</growthType>
<maxVolumes>9999999</maxVolumes>
<minVolumes>0</minVolumes>
<normalForm>Third</normalForm>
<attributes itemClass="oracle.dbtools.crest.model.design.logical.Attribute">
<Attribute name="project_no" id="A72B5F9D-E345-3A23-D385-6AE66170E332">
<createdBy>sperl</createdBy>
<createdTime>2016-04-26 04:49:34 UTC</createdTime>
<ownerDesignName>logicalmodel_part2</ownerDesignName>
<useDomainConstraints>false</useDomainConstraints>
<use>1</use>
<logicalDatatype>LOGDT011</logicalDatatype>
<ownDataTypeParameters>,,</ownDataTypeParameters>
</Attribute>
<Attribute name="project_title" id="688B8AF1-D01D-87FC-3FA7-D3B81976754D">
<createdBy>sperl</createdBy>
<createdTime>2016-04-26 04:49:47 UTC</createdTime>
<ownerDesignName>logicalmodel_part2</ownerDesignName>
<nullsAllowed>true</nullsAllowed>
<useDomainConstraints>false</useDomainConstraints>
<use>1</use>
<logicalDatatype>LOGDT024</logicalDatatype>
<dataTypeSize>255</dataTypeSize>
<ownDataTypeParameters>255,,</ownDataTypeParameters>
</Attribute>
<Attribute name="project_no1" id="5E7AB73E-C21A-4A3A-217B-DC21F3EB7679">
<createdBy>sperl</createdBy>
<createdTime>2016-04-26 05:48:04 UTC</createdTime>
<generatorID>B293400B-D77E-7D82-2E14-E989B5B0FB3E</generatorID>
<ownerDesignName>logicalmodel_part2</ownerDesignName>
<nullsAllowed>true</nullsAllowed>
<referedAttribute>A72B5F9D-E345-3A23-D385-6AE66170E332</referedAttribute>
<useDomainConstraints>false</useDomainConstraints>
<use>1</use>
<logicalDatatype>LOGDT011</logicalDatatype>
<ownDataTypeParameters>,,</ownDataTypeParameters>
</Attribute>
<Attribute name="project_no2" id="0EE0BC20-759E-2419-296E-D9A512E01AFA">
<createdBy>sperl</createdBy>
<createdTime>2016-04-26 05:49:02 UTC</createdTime>
<generatorID>2DBEE7CD-C241-F7E4-3814-F8A8306EE5E6</generatorID>
<ownerDesignName>logicalmodel_part2</ownerDesignName>
<nullsAllowed>true</nullsAllowed>
<referedAttribute>A72B5F9D-E345-3A23-D385-6AE66170E332</referedAttribute>
<useDomainConstraints>false</useDomainConstraints>
<use>1</use>
<logicalDatatype>LOGDT011</logicalDatatype>
<ownDataTypeParameters>,,</ownDataTypeParameters>
</Attribute>
</attributes>
</Entity>