<?xml version = '1.0' encoding = 'UTF-8'?>
<Entity class="oracle.dbtools.crest.model.design.logical.Entity" directorySegmentName="seg_0" id="3C9DA973-6B56-954A-70C0-46EADE8CE00F" name="Department">
<createdBy>sperl</createdBy>
<createdTime>2016-04-26 05:35:24 UTC</createdTime>
<ownerDesignName>logicalmodel_part2</ownerDesignName>
<adequatelyNormalized>NO</adequatelyNormalized>
<expectedVolumes>0</expectedVolumes>
<fwdEngineeringStrategyName>Single Table</fwdEngineeringStrategyName>
<growthPercent>0</growthPercent>
<growthType>Year</growthType>
<maxVolumes>9999999</maxVolumes>
<minVolumes>0</minVolumes>
<normalForm>Third</normalForm>
<attributes itemClass="oracle.dbtools.crest.model.design.logical.Attribute">
<Attribute name="dept_no" id="8D542CEE-51F1-0A66-6A91-FC39B6302B09">
<createdBy>sperl</createdBy>
<createdTime>2016-04-26 05:35:29 UTC</createdTime>
<ownerDesignName>logicalmodel_part2</ownerDesignName>
<useDomainConstraints>false</useDomainConstraints>
<use>1</use>
<logicalDatatype>LOGDT011</logicalDatatype>
<ownDataTypeParameters>,,</ownDataTypeParameters>
</Attribute>
<Attribute name="dept_name" id="820BD7E6-4B81-C184-0545-794FC21B1624">
<createdBy>sperl</createdBy>
<createdTime>2016-04-26 05:35:39 UTC</createdTime>
<ownerDesignName>logicalmodel_part2</ownerDesignName>
<nullsAllowed>true</nullsAllowed>
<useDomainConstraints>false</useDomainConstraints>
<use>1</use>
<logicalDatatype>LOGDT024</logicalDatatype>
<dataTypeSize>255</dataTypeSize>
<ownDataTypeParameters>255,,</ownDataTypeParameters>
</Attribute>
</attributes>
</Entity>