<?xml version = '1.0' encoding = 'UTF-8'?>
<Entity class="oracle.dbtools.crest.model.design.logical.Entity" directorySegmentName="seg_0" id="6A2461D3-A2F9-7641-A4F1-D5428A1B7DAD" name="President">
<createdBy>sperl</createdBy>
<createdTime>2016-04-26 05:42:49 UTC</createdTime>
<ownerDesignName>logicalmodel_part2</ownerDesignName>
<adequatelyNormalized>NO</adequatelyNormalized>
<expectedVolumes>0</expectedVolumes>
<fwdEngineeringStrategyName>Single Table</fwdEngineeringStrategyName>
<growthPercent>0</growthPercent>
<growthType>Year</growthType>
<hierarchicalParent>7259B5AD-96C0-1A7C-2D64-522C1B84E870</hierarchicalParent>
<maxVolumes>9999999</maxVolumes>
<minVolumes>0</minVolumes>
<normalForm>Third</normalForm>
</Entity>