<?xml version = '1.0' encoding = 'UTF-8'?>
<Entity class="oracle.dbtools.crest.model.design.logical.Entity" directorySegmentName="seg_0" id="7157DD33-B01A-4074-C181-A3FB4B305AF3" name="Employee">
<createdBy>sperl</createdBy>
<createdTime>2016-04-26 05:00:03 UTC</createdTime>
<ownerDesignName>logicalmodel_part2</ownerDesignName>
<adequatelyNormalized>NO</adequatelyNormalized>
<expectedVolumes>0</expectedVolumes>
<fwdEngineeringStrategyName>Single Table</fwdEngineeringStrategyName>
<growthPercent>0</growthPercent>
<growthType>Year</growthType>
<hierarchicalParent>E5EFE61D-6C5F-7C07-BA3E-D86B8B4B3536</hierarchicalParent>
<maxVolumes>9999999</maxVolumes>
<minVolumes>0</minVolumes>
<normalForm>Third</normalForm>
<attributes itemClass="oracle.dbtools.crest.model.design.logical.Attribute">
<Attribute name="employee_id" id="6C53F425-7B2A-47E7-5275-434A96A8390B">
<createdBy>sperl</createdBy>
<createdTime>2016-04-26 05:00:10 UTC</createdTime>
<ownerDesignName>logicalmodel_part2</ownerDesignName>
<nullsAllowed>true</nullsAllowed>
<useDomainConstraints>false</useDomainConstraints>
<use>1</use>
<logicalDatatype>LOGDT011</logicalDatatype>
<ownDataTypeParameters>,,</ownDataTypeParameters>
</Attribute>
<Attribute name="salary" id="7701C020-E705-6817-396B-56FCD1B08BE9">
<createdBy>sperl</createdBy>
<createdTime>2016-04-26 05:00:17 UTC</createdTime>
<ownerDesignName>logicalmodel_part2</ownerDesignName>
<nullsAllowed>true</nullsAllowed>
<useDomainConstraints>false</useDomainConstraints>
<use>1</use>
<logicalDatatype>LOGDT011</logicalDatatype>
<ownDataTypeParameters>,,</ownDataTypeParameters>
</Attribute>
<Attribute name="salary_exception" id="D20233B1-CD76-8356-4CDB-56CFC62E5DD3">
<createdBy>sperl</createdBy>
<createdTime>2016-04-26 05:00:27 UTC</createdTime>
<ownerDesignName>logicalmodel_part2</ownerDesignName>
<nullsAllowed>true</nullsAllowed>
<useDomainConstraints>false</useDomainConstraints>
<use>1</use>
<logicalDatatype>LOGDT006</logicalDatatype>
<dataTypeSize>1</dataTypeSize>
<ownDataTypeParameters>1,,</ownDataTypeParameters>
</Attribute>
</attributes>
</Entity>