<?xml version = '1.0' encoding = 'UTF-8'?>
<Entity class="oracle.dbtools.crest.model.design.logical.Entity" directorySegmentName="seg_0" id="E5EFE61D-6C5F-7C07-BA3E-D86B8B4B3536" name="Person">
<createdBy>sperl</createdBy>
<createdTime>2016-04-26 04:54:22 UTC</createdTime>
<ownerDesignName>logicalmodel_part2</ownerDesignName>
<adequatelyNormalized>NO</adequatelyNormalized>
<expectedVolumes>0</expectedVolumes>
<fwdEngineeringStrategyName>Single Table</fwdEngineeringStrategyName>
<growthPercent>0</growthPercent>
<growthType>Year</growthType>
<maxVolumes>9999999</maxVolumes>
<minVolumes>0</minVolumes>
<normalForm>Third</normalForm>
<attributes itemClass="oracle.dbtools.crest.model.design.logical.Attribute">
<Attribute name="person_id" id="8D48E8DA-ED92-0F03-004B-6FDF26FF3957">
<createdBy>sperl</createdBy>
<createdTime>2016-04-26 04:54:28 UTC</createdTime>
<ownerDesignName>logicalmodel_part2</ownerDesignName>
<nullsAllowed>true</nullsAllowed>
<useDomainConstraints>false</useDomainConstraints>
<use>1</use>
<logicalDatatype>LOGDT011</logicalDatatype>
<ownDataTypeParameters>,,</ownDataTypeParameters>
</Attribute>
<Attribute name="first_name" id="877D680F-44D0-C2D7-8E71-8D84A6EC2564">
<createdBy>sperl</createdBy>
<createdTime>2016-04-26 04:55:24 UTC</createdTime>
<ownerDesignName>logicalmodel_part2</ownerDesignName>
<nullsAllowed>true</nullsAllowed>
<useDomainConstraints>false</useDomainConstraints>
<use>1</use>
<logicalDatatype>LOGDT024</logicalDatatype>
<dataTypeSize>255</dataTypeSize>
<ownDataTypeParameters>255,,</ownDataTypeParameters>
</Attribute>
<Attribute name="last_name" id="D840557E-CCEF-E157-1D0A-88DCE04D3F07">
<createdBy>sperl</createdBy>
<createdTime>2016-04-26 04:55:57 UTC</createdTime>
<ownerDesignName>logicalmodel_part2</ownerDesignName>
<nullsAllowed>true</nullsAllowed>
<useDomainConstraints>false</useDomainConstraints>
<use>1</use>
<logicalDatatype>LOGDT024</logicalDatatype>
<ownDataTypeParameters>,,</ownDataTypeParameters>
</Attribute>
<Attribute name="home_address" id="729009E0-AC71-B4C3-BEDA-0247D8C2CE9E">
<createdBy>sperl</createdBy>
<createdTime>2016-04-26 04:56:06 UTC</createdTime>
<ownerDesignName>logicalmodel_part2</ownerDesignName>
<nullsAllowed>true</nullsAllowed>
<useDomainConstraints>false</useDomainConstraints>
<use>1</use>
<logicalDatatype>LOGDT024</logicalDatatype>
<dataTypeSize>255</dataTypeSize>
<ownDataTypeParameters>255,,</ownDataTypeParameters>
</Attribute>
<Attribute name="us_citizen" id="EC3985FD-24AE-0029-2563-87CB232E19E9">
<createdBy>sperl</createdBy>
<createdTime>2016-04-26 04:56:16 UTC</createdTime>
<ownerDesignName>logicalmodel_part2</ownerDesignName>
<nullsAllowed>true</nullsAllowed>
<useDomainConstraints>false</useDomainConstraints>
<use>1</use>
<logicalDatatype>LOGDT006</logicalDatatype>
<dataTypeSize>1</dataTypeSize>
<ownDataTypeParameters>1,,</ownDataTypeParameters>
</Attribute>
<Attribute name="home_phone" id="1DAFF9B2-AFBF-A3BB-12A8-D453C6C319B3">
<createdBy>sperl</createdBy>
<createdTime>2016-04-26 04:56:45 UTC</createdTime>
<ownerDesignName>logicalmodel_part2</ownerDesignName>
<nullsAllowed>true</nullsAllowed>
<useDomainConstraints>false</useDomainConstraints>
<use>1</use>
<logicalDatatype>LOGDT011</logicalDatatype>
<ownDataTypeParameters>,,</ownDataTypeParameters>
</Attribute>
<Attribute name="zipcode" id="C2662D2E-762A-37A2-0F44-ECCB82D11A4C">
<createdBy>sperl</createdBy>
<createdTime>2016-04-26 04:56:55 UTC</createdTime>
<ownerDesignName>logicalmodel_part2</ownerDesignName>
<nullsAllowed>true</nullsAllowed>
<useDomainConstraints>false</useDomainConstraints>
<use>1</use>
<logicalDatatype>LOGDT011</logicalDatatype>
<ownDataTypeParameters>,,</ownDataTypeParameters>
</Attribute>
</attributes>
</Entity>