<?xml version = '1.0' encoding = 'UTF-8'?>
<Relation class="oracle.dbtools.crest.model.design.logical.InheritanceRelation" name="Hierarchy_2" directorySegmentName="seg_0" id="122C71D8-93BE-AA0E-C1C5-2CF7A6525C50">
<createdBy>sperl</createdBy>
<createdTime>2016-04-26 04:53:18 UTC</createdTime>
<ownerDesignName>logicalmodel_part2</ownerDesignName>
<identifying>false</identifying>
<nameOnSource>Super Type</nameOnSource>
<nameOnTarget>Sub Type</nameOnTarget>
<optionalSource>true</optionalSource>
<optionalTarget>true</optionalTarget>
<sourceEntity>27665ABE-ADFC-091B-715C-CD7F2EB761DA</sourceEntity>
<targetEntity>0015734B-BA28-B61C-9B0B-E306A5329E1B</targetEntity>
<transferable>true</transferable>
<deleteRule>NO ACTION</deleteRule>
</Relation>