<?xml version = '1.0' encoding = 'UTF-8'?>
<Relation class="oracle.dbtools.crest.model.design.logical.InheritanceRelation" name="Hierarchy_1" directorySegmentName="seg_0" id="29137030-30DE-A35A-028C-905E356DB128">
<createdBy>sperl</createdBy>
<createdTime>2016-04-26 04:51:39 UTC</createdTime>
<ownerDesignName>logicalmodel_part2</ownerDesignName>
<identifying>false</identifying>
<nameOnSource>Super Type</nameOnSource>
<nameOnTarget>Sub Type</nameOnTarget>
<optionalSource>true</optionalSource>
<optionalTarget>true</optionalTarget>
<sourceEntity>27665ABE-ADFC-091B-715C-CD7F2EB761DA</sourceEntity>
<targetEntity>397E116E-EB80-E85E-541F-BBB16F3337FC</targetEntity>
<transferable>true</transferable>
<deleteRule>NO ACTION</deleteRule>
</Relation>