<?xml version = '1.0' encoding = 'UTF-8'?>
<Relation class="oracle.dbtools.crest.model.design.logical.InheritanceRelation" name="Hierarchy_6" directorySegmentName="seg_0" id="39800220-A032-8EFF-2942-B7870BD61295">
<createdBy>sperl</createdBy>
<createdTime>2016-04-26 05:19:55 UTC</createdTime>
<ownerDesignName>logicalmodel_part2</ownerDesignName>
<identifying>false</identifying>
<nameOnSource>Super Type</nameOnSource>
<nameOnTarget>Sub Type</nameOnTarget>
<optionalSource>true</optionalSource>
<optionalTarget>true</optionalTarget>
<sourceEntity>7157DD33-B01A-4074-C181-A3FB4B305AF3</sourceEntity>
<targetEntity>A6B9CB29-A482-DBFC-E8ED-999580EA0A02</targetEntity>
<transferable>true</transferable>
<deleteRule>NO ACTION</deleteRule>
</Relation>