<?xml version = '1.0' encoding = 'UTF-8'?>
<Relation class="oracle.dbtools.crest.model.design.logical.InheritanceRelation" name="Hierarchy_4" directorySegmentName="seg_0" id="3AAB9213-BD7E-4BA1-4524-C35461B1C5A6">
<createdBy>sperl</createdBy>
<createdTime>2016-04-26 05:02:10 UTC</createdTime>
<ownerDesignName>logicalmodel_part2</ownerDesignName>
<identifying>false</identifying>
<nameOnSource>Super Type</nameOnSource>
<nameOnTarget>Sub Type</nameOnTarget>
<optionalSource>true</optionalSource>
<optionalTarget>true</optionalTarget>
<sourceEntity>7157DD33-B01A-4074-C181-A3FB4B305AF3</sourceEntity>
<targetEntity>7259B5AD-96C0-1A7C-2D64-522C1B84E870</targetEntity>
<transferable>true</transferable>
<deleteRule>NO ACTION</deleteRule>
</Relation>