<?xml version = '1.0' encoding = 'UTF-8'?>
<Relation class="oracle.dbtools.crest.model.design.logical.InheritanceRelation" name="Hierarchy_5" directorySegmentName="seg_0" id="6068D7E6-EDA5-BD67-DE85-07F7F54CD562">
<createdBy>sperl</createdBy>
<createdTime>2016-04-26 05:06:55 UTC</createdTime>
<ownerDesignName>logicalmodel_part2</ownerDesignName>
<identifying>false</identifying>
<nameOnSource>Super Type</nameOnSource>
<nameOnTarget>Sub Type</nameOnTarget>
<optionalSource>true</optionalSource>
<optionalTarget>true</optionalTarget>
<sourceEntity>7157DD33-B01A-4074-C181-A3FB4B305AF3</sourceEntity>
<targetEntity>155AA804-FB7A-EC8E-1D38-EB10187B54C3</targetEntity>
<transferable>true</transferable>
<deleteRule>NO ACTION</deleteRule>
</Relation>