<?xml version = '1.0' encoding = 'UTF-8'?>
<Relation class="oracle.dbtools.crest.model.design.logical.InheritanceRelation" name="Hierarchy_7" directorySegmentName="seg_0" id="7DB10792-3EB8-583D-239E-2A4EBD993136">
<createdBy>sperl</createdBy>
<createdTime>2016-04-26 05:42:56 UTC</createdTime>
<ownerDesignName>logicalmodel_part2</ownerDesignName>
<identifying>false</identifying>
<nameOnSource>Super Type</nameOnSource>
<nameOnTarget>Sub Type</nameOnTarget>
<optionalSource>true</optionalSource>
<optionalTarget>true</optionalTarget>
<sourceEntity>7259B5AD-96C0-1A7C-2D64-522C1B84E870</sourceEntity>
<targetEntity>6A2461D3-A2F9-7641-A4F1-D5428A1B7DAD</targetEntity>
<transferable>true</transferable>
<deleteRule>NO ACTION</deleteRule>
</Relation>