<?xml version = '1.0' encoding = 'UTF-8'?>
<Relation class="oracle.dbtools.crest.model.design.logical.InheritanceRelation" name="Hierarchy_3" directorySegmentName="seg_0" id="A355E01D-1093-D994-7EFB-597C66173F59">
<createdBy>sperl</createdBy>
<createdTime>2016-04-26 05:01:04 UTC</createdTime>
<ownerDesignName>logicalmodel_part2</ownerDesignName>
<identifying>false</identifying>
<nameOnSource>Super Type</nameOnSource>
<nameOnTarget>Sub Type</nameOnTarget>
<optionalSource>true</optionalSource>
<optionalTarget>true</optionalTarget>
<sourceEntity>E5EFE61D-6C5F-7C07-BA3E-D86B8B4B3536</sourceEntity>
<targetEntity>7157DD33-B01A-4074-C181-A3FB4B305AF3</targetEntity>
<transferable>true</transferable>
<deleteRule>NO ACTION</deleteRule>
</Relation>