<?xml version = '1.0' encoding = 'UTF-8'?>
<Diagram class="oracle.dbtools.crest.swingui.logical.DPVLogical" name="Logical" id="76C94328-10CA-E839-8F78-5695CA7A718F">
<createdBy>sperl</createdBy>
<modifiedBy>sperl</modifiedBy>
<createdTime>2016-04-15 02:21:19 UTC</createdTime>
<autoRoute>false</autoRoute>
<boxInbox>false</boxInbox>
<showLegend>false</showLegend>
<showLabels>false</showLabels>
<showRelAttributes>false</showRelAttributes>
<gridEnabled>false</gridEnabled>
<showGrid>false</showGrid>
<diagramColor>-1</diagramColor>
<display>false</display>
<notation>2</notation>
<objectViews>
<OView class="oracle.dbtools.crest.swingui.logical.TVEntity" oid="0015734B-BA28-B61C-9B0B-E306A5329E1B" otype="Entity" vid="0879D347-3A1F-9F88-0F20-18A7A0AE7121">
<hideElementsInCurrentOnly>false</hideElementsInCurrentOnly>
<bounds x="436" y="135" width="175" height="40"/>
</OView>
<OView class="oracle.dbtools.crest.swingui.TVNote" oid="06F487A8-25A1-48DD-87AC-AE71ED6C0AC8" otype="Note" vid="3BA7EEE8-3E34-77F9-0FD8-A88DBAC6EA55">
<hideElementsInCurrentOnly>false</hideElementsInCurrentOnly>
<bounds x="216" y="14" width="95" height="40"/>
<comment>Project&apos;s parent project</comment>
</OView>
<OView class="oracle.dbtools.crest.swingui.TVNote" oid="0B23B798-1051-93D8-32B0-54E8D5E2CAF7" otype="Note" vid="E9A765FA-2058-A064-C2D6-C0A1A3F47257">
<hideElementsInCurrentOnly>false</hideElementsInCurrentOnly>
<bounds x="36" y="94" width="79" height="40"/>
<comment>Project&apos;s subprojects</comment>
</OView>
<OView class="oracle.dbtools.crest.swingui.TVNote" oid="12B9C23F-89EE-5160-DEE5-237D32C153D7" otype="Note" vid="DF2BDC56-2DC3-8E4E-936A-4C19043C57FE">
<hideElementsInCurrentOnly>false</hideElementsInCurrentOnly>
<bounds x="257" y="310" width="76" height="28"/>
<comment>Project Mgr.</comment>
</OView>
<OView class="oracle.dbtools.crest.swingui.logical.TVEntity" oid="155AA804-FB7A-EC8E-1D38-EB10187B54C3" otype="Entity" vid="32599091-BCBB-0D98-8B83-A57369555852">
<hideElementsInCurrentOnly>false</hideElementsInCurrentOnly>
<bounds x="755" y="565" width="136" height="41"/>
</OView>
<OView class="oracle.dbtools.crest.swingui.logical.TVEntity" oid="27665ABE-ADFC-091B-715C-CD7F2EB761DA" otype="Entity" vid="CE0D4248-140E-AF7B-0668-7D54BC1295FD">
<hideElementsInCurrentOnly>false</hideElementsInCurrentOnly>
<bounds x="167" y="75" width="205" height="110"/>
</OView>
<OView class="oracle.dbtools.crest.swingui.logical.TVEntity" oid="397E116E-EB80-E85E-541F-BBB16F3337FC" otype="Entity" vid="2FD33B97-AD13-9B02-2285-15DB36E8904A">
<hideElementsInCurrentOnly>false</hideElementsInCurrentOnly>
<bounds x="420" y="19" width="192" height="79"/>
</OView>
<OView class="oracle.dbtools.crest.swingui.logical.TVEntity" oid="3C9DA973-6B56-954A-70C0-46EADE8CE00F" otype="Entity" vid="10C32B1F-D95B-AD5F-267B-A82CA3635923">
<hideElementsInCurrentOnly>false</hideElementsInCurrentOnly>
<bounds x="32" y="395" width="170" height="83"/>
</OView>
<OView class="oracle.dbtools.crest.swingui.TVNote" oid="3D1BAC62-44BB-F709-27F7-E4BA5E75DDEF" otype="Note" vid="BE334C18-9D4E-72F0-AD4C-FE895581E801">
<hideElementsInCurrentOnly>false</hideElementsInCurrentOnly>
<bounds x="84" y="268" width="84" height="29"/>
<comment>Project&apos;s dept</comment>
</OView>
<OView class="oracle.dbtools.crest.swingui.TVNote" oid="42FD567D-D5D5-A4A8-A49F-F33E27583A76" otype="Note" vid="AF70872B-3C74-E753-B5C1-114D282771EA">
<hideElementsInCurrentOnly>false</hideElementsInCurrentOnly>
<bounds x="189" y="256" width="82" height="30"/>
<comment>Dept&apos;s projects</comment>
</OView>
<OView class="oracle.dbtools.crest.swingui.TVNote" oid="4D814C97-4979-E94A-C0DC-3368B22248D8" otype="Note" vid="74995A5E-B985-B21F-59CF-0B0208E9C3B4">
<hideElementsInCurrentOnly>false</hideElementsInCurrentOnly>
<bounds x="595" y="468" width="69" height="42"/>
<comment>Manager&apos;s Employees</comment>
</OView>
<OView class="oracle.dbtools.crest.swingui.logical.TVEntity" oid="6A2461D3-A2F9-7641-A4F1-D5428A1B7DAD" otype="Entity" vid="EE9EC3A5-25E3-4A57-1203-97BD0304C64F">
<hideElementsInCurrentOnly>false</hideElementsInCurrentOnly>
<bounds x="326" y="585" width="104" height="53"/>
</OView>
<OView class="oracle.dbtools.crest.swingui.TVNote" oid="710956E6-8310-4CF8-0311-170BEF1BED3B" otype="Note" vid="EA477F15-1C5F-2298-B14A-C5E4C43A35B4">
<hideElementsInCurrentOnly>false</hideElementsInCurrentOnly>
<bounds x="1001" y="133" width="54" height="29"/>
<comment>Spouse</comment>
</OView>
<OView class="oracle.dbtools.crest.swingui.logical.TVEntity" oid="7157DD33-B01A-4074-C181-A3FB4B305AF3" otype="Entity" vid="3819EDC4-0CD7-05E7-24BF-8372D665476A">
<hideElementsInCurrentOnly>false</hideElementsInCurrentOnly>
<bounds x="776" y="398" width="208" height="77"/>
</OView>
<OView class="oracle.dbtools.crest.swingui.logical.TVEntity" oid="7259B5AD-96C0-1A7C-2D64-522C1B84E870" otype="Entity" vid="765AB686-5E94-EE9E-F361-4648DCE5865B">
<hideElementsInCurrentOnly>false</hideElementsInCurrentOnly>
<bounds x="327" y="408" width="158" height="80"/>
</OView>
<OView class="oracle.dbtools.crest.swingui.TVNote" oid="8BE33B27-3214-4096-D9BF-6944A2365439" otype="Note" vid="381A107A-A3C0-DF70-DE8C-422867F1402A">
<hideElementsInCurrentOnly>false</hideElementsInCurrentOnly>
<bounds x="349" y="284" width="116" height="30"/>
<comment>Projects Managing</comment>
</OView>
<OView class="oracle.dbtools.crest.swingui.TVNote" oid="95840EBD-69F1-C786-B783-504AAA78349E" otype="Note" vid="ED4849EE-714B-B43E-E725-DC435AF543E2">
<hideElementsInCurrentOnly>false</hideElementsInCurrentOnly>
<bounds x="567" y="396" width="77" height="51"/>
<comment>Employee&apos;s Mgr.</comment>
</OView>
<OView class="oracle.dbtools.crest.swingui.logical.TVEntity" oid="A6B9CB29-A482-DBFC-E8ED-999580EA0A02" otype="Entity" vid="3159A022-D208-EC9C-69DD-7F9F4535978F">
<hideElementsInCurrentOnly>false</hideElementsInCurrentOnly>
<bounds x="501" y="331" width="123" height="42"/>
</OView>
<OView class="oracle.dbtools.crest.swingui.TVNote" oid="A7B84F0A-2CF8-35CB-5CD1-5C1EE3A3A2A9" otype="Note" vid="14F4DD7B-AEE5-E0F4-9035-F8911C5BC907">
<hideElementsInCurrentOnly>false</hideElementsInCurrentOnly>
<bounds x="226" y="397" width="75" height="33"/>
<comment>Mgr&apos;s dept</comment>
</OView>
<OView class="oracle.dbtools.crest.swingui.TVNote" oid="B222D426-4A10-C4DB-1734-7EE8516EF38D" otype="Note" vid="3427BEA3-D718-D775-B62B-BF9FEB633D3B">
<hideElementsInCurrentOnly>false</hideElementsInCurrentOnly>
<bounds x="217" y="458" width="88" height="32"/>
<comment>Dept&apos;s Mgrs</comment>
</OView>
<OView class="oracle.dbtools.crest.swingui.TVNote" oid="B66642DE-B0C6-741F-6B6A-6DD02601A243" otype="Note" vid="2D6BD358-1575-CFE4-F1C1-C756981E1E22">
<hideElementsInCurrentOnly>false</hideElementsInCurrentOnly>
<bounds x="645" y="567" width="105" height="46"/>
<comment>Also subclass of Project Employee</comment>
</OView>
<OView class="oracle.dbtools.crest.swingui.TVNote" oid="D6E8DD02-DCCD-FC5B-D4B9-F67F4157EFE9" otype="Note" vid="57AFA2F5-6844-6727-1466-D57CB4B9D682">
<hideElementsInCurrentOnly>false</hideElementsInCurrentOnly>
<bounds x="565" y="230" width="84" height="41"/>
<comment>Projects of Employee</comment>
</OView>
<OView class="oracle.dbtools.crest.swingui.logical.TVEntity" oid="E5EFE61D-6C5F-7C07-BA3E-D86B8B4B3536" otype="Entity" vid="589ED7DC-8144-D20A-6657-23B66205169C">
<hideElementsInCurrentOnly>false</hideElementsInCurrentOnly>
<bounds x="738" y="70" width="216" height="117"/>
</OView>
<OView class="oracle.dbtools.crest.swingui.TVNote" oid="E819631E-B1BB-1D97-0C33-BEEBB660AC89" otype="Note" vid="3CB0F961-1AA9-32DC-B174-11C441F34CB0">
<hideElementsInCurrentOnly>false</hideElementsInCurrentOnly>
<bounds x="418" y="224" width="109" height="29"/>
<comment>Project members</comment>
</OView>
<OView class="oracle.dbtools.crest.swingui.TVNote" oid="E9AA96E2-2CBA-801C-7DA3-B94C2DEB112B" otype="Note" vid="8CD69271-7419-0AD9-9145-BAA2CF9A6CD7">
<hideElementsInCurrentOnly>false</hideElementsInCurrentOnly>
<bounds x="624" y="89" width="63" height="32"/>
<comment>Children</comment>
</OView>
</objectViews>
<connectors>
<Connector class="oracle.dbtools.crest.swingui.logical.TVRelation" oid="04B2FFF8-5AA0-80ED-C8AB-2E3E11052944" otype="Relation" vid_source="CE0D4248-140E-AF7B-0668-7D54BC1295FD" vid_target="10C32B1F-D95B-AD5F-267B-A82CA3635923">
<hideElementsInCurrentOnly>false</hideElementsInCurrentOnly>
<lineWidth>1</lineWidth>
<points>
<point x="198" y="185"/>
<point x="194" y="395"/>
</points>
</Connector>
<Connector class="oracle.dbtools.crest.swingui.logical.TVRelation" oid="11223F9C-19A2-26CB-260F-B607012E2FD9" otype="Relation" vid_source="10C32B1F-D95B-AD5F-267B-A82CA3635923" vid_target="765AB686-5E94-EE9E-F361-4648DCE5865B">
<hideElementsInCurrentOnly>false</hideElementsInCurrentOnly>
<lineWidth>1</lineWidth>
<points>
<point x="202" y="425"/>
<point x="327" y="426"/>
</points>
</Connector>
<Connector class="oracle.dbtools.crest.swingui.logical.TVInheritanceRelation" oid="122C71D8-93BE-AA0E-C1C5-2CF7A6525C50" otype="Hierarchy relation" vid_source="CE0D4248-140E-AF7B-0668-7D54BC1295FD" vid_target="0879D347-3A1F-9F88-0F20-18A7A0AE7121">
<hideElementsInCurrentOnly>false</hideElementsInCurrentOnly>
<lineWidth>1</lineWidth>
<points>
<point x="372" y="155"/>
<point x="436" y="155"/>
</points>
</Connector>
<Connector class="oracle.dbtools.crest.swingui.logical.TVInheritanceRelation" oid="29137030-30DE-A35A-028C-905E356DB128" otype="Hierarchy relation" vid_source="CE0D4248-140E-AF7B-0668-7D54BC1295FD" vid_target="2FD33B97-AD13-9B02-2285-15DB36E8904A">
<hideElementsInCurrentOnly>false</hideElementsInCurrentOnly>
<lineWidth>1</lineWidth>
<points>
<point x="372" y="86"/>
<point x="420" y="86"/>
</points>
</Connector>
<Connector class="oracle.dbtools.crest.swingui.logical.TVRelation" oid="2B5FAE21-35E4-492A-0D14-30DA1A492957" otype="Relation" vid_source="10C32B1F-D95B-AD5F-267B-A82CA3635923" vid_target="CE0D4248-140E-AF7B-0668-7D54BC1295FD">
<hideElementsInCurrentOnly>false</hideElementsInCurrentOnly>
<lineWidth>1</lineWidth>
<points>
<point x="166" y="395"/>
<point x="174" y="185"/>
</points>
</Connector>
<Connector class="oracle.dbtools.crest.swingui.logical.TVRelation" oid="2DBEE7CD-C241-F7E4-3814-F8A8306EE5E6" otype="Relation" vid_source="CE0D4248-140E-AF7B-0668-7D54BC1295FD" vid_target="CE0D4248-140E-AF7B-0668-7D54BC1295FD">
<hideElementsInCurrentOnly>false</hideElementsInCurrentOnly>
<lineWidth>1</lineWidth>
<points>
<point x="167" y="91"/>
<point x="72" y="91"/>
<point x="73" y="148"/>
<point x="147" y="148"/>
<point x="167" y="148"/>
</points>
</Connector>
<Connector class="oracle.dbtools.crest.swingui.logical.TVRelation" oid="301ED603-34BA-BDE4-B949-04D410F18B46" otype="Relation" vid_source="3819EDC4-0CD7-05E7-24BF-8372D665476A" vid_target="765AB686-5E94-EE9E-F361-4648DCE5865B">
<hideElementsInCurrentOnly>false</hideElementsInCurrentOnly>
<lineWidth>1</lineWidth>
<points>
<point x="776" y="465"/>
<point x="485" y="475"/>
</points>
</Connector>
<Connector class="oracle.dbtools.crest.swingui.logical.TVInheritanceRelation" oid="39800220-A032-8EFF-2942-B7870BD61295" otype="Hierarchy relation" vid_source="3819EDC4-0CD7-05E7-24BF-8372D665476A" vid_target="3159A022-D208-EC9C-69DD-7F9F4535978F">
<hideElementsInCurrentOnly>false</hideElementsInCurrentOnly>
<lineWidth>1</lineWidth>
<points>
<point x="776" y="406"/>
<point x="624" y="352"/>
</points>
</Connector>
<Connector class="oracle.dbtools.crest.swingui.logical.TVInheritanceRelation" oid="3AAB9213-BD7E-4BA1-4524-C35461B1C5A6" otype="Hierarchy relation" vid_source="3819EDC4-0CD7-05E7-24BF-8372D665476A" vid_target="765AB686-5E94-EE9E-F361-4648DCE5865B">
<hideElementsInCurrentOnly>false</hideElementsInCurrentOnly>
<lineWidth>1</lineWidth>
<points>
<point x="776" y="423"/>
<point x="485" y="413"/>
</points>
</Connector>
<Connector class="oracle.dbtools.crest.swingui.logical.TVRelation" oid="448677D3-EC5D-966C-974D-069F556B9D7E" otype="Relation" vid_source="3159A022-D208-EC9C-69DD-7F9F4535978F" vid_target="0879D347-3A1F-9F88-0F20-18A7A0AE7121">
<hideElementsInCurrentOnly>false</hideElementsInCurrentOnly>
<lineWidth>1</lineWidth>
<points>
<point x="520" y="331"/>
<point x="521" y="175"/>
</points>
</Connector>
<Connector class="oracle.dbtools.crest.swingui.logical.TVRelation" oid="5A6355B4-A63C-41E2-253B-1217DA584DDA" otype="Relation" vid_source="CE0D4248-140E-AF7B-0668-7D54BC1295FD" vid_target="765AB686-5E94-EE9E-F361-4648DCE5865B">
<hideElementsInCurrentOnly>false</hideElementsInCurrentOnly>
<lineWidth>1</lineWidth>
<points>
<point x="359" y="185"/>
<point x="359" y="408"/>
</points>
</Connector>
<Connector class="oracle.dbtools.crest.swingui.logical.TVRelation" oid="5E162F3F-2C9B-87EB-05D3-60E381CBDF07" otype="Relation" vid_source="0879D347-3A1F-9F88-0F20-18A7A0AE7121" vid_target="3159A022-D208-EC9C-69DD-7F9F4535978F">
<hideElementsInCurrentOnly>false</hideElementsInCurrentOnly>
<lineWidth>1</lineWidth>
<points>
<point x="566" y="175"/>
<point x="566" y="331"/>
</points>
</Connector>
<Connector class="oracle.dbtools.crest.swingui.logical.TVInheritanceRelation" oid="6068D7E6-EDA5-BD67-DE85-07F7F54CD562" otype="Hierarchy relation" vid_source="3819EDC4-0CD7-05E7-24BF-8372D665476A" vid_target="32599091-BCBB-0D98-8B83-A57369555852">
<hideElementsInCurrentOnly>false</hideElementsInCurrentOnly>
<lineWidth>1</lineWidth>
<points>
<point x="833" y="475"/>
<point x="833" y="565"/>
</points>
</Connector>
<Connector class="oracle.dbtools.crest.swingui.logical.TVRelation" oid="66191D73-8B72-DC44-1CD2-5E25D763DB51" otype="Relation" vid_source="765AB686-5E94-EE9E-F361-4648DCE5865B" vid_target="CE0D4248-140E-AF7B-0668-7D54BC1295FD">
<hideElementsInCurrentOnly>false</hideElementsInCurrentOnly>
<lineWidth>1</lineWidth>
<points>
<point x="334" y="408"/>
<point x="319" y="185"/>
</points>
</Connector>
<Connector class="oracle.dbtools.crest.swingui.logical.TVInheritanceRelation" oid="7DB10792-3EB8-583D-239E-2A4EBD993136" otype="Hierarchy relation" vid_source="765AB686-5E94-EE9E-F361-4648DCE5865B" vid_target="EE9EC3A5-25E3-4A57-1203-97BD0304C64F">
<hideElementsInCurrentOnly>false</hideElementsInCurrentOnly>
<lineWidth>1</lineWidth>
<points>
<point x="378" y="488"/>
<point x="378" y="585"/>
</points>
</Connector>
<Connector class="oracle.dbtools.crest.swingui.logical.TVRelation" oid="89C4F36D-A14E-6CD1-CAD4-EF444F35D888" otype="Relation" vid_source="589ED7DC-8144-D20A-6657-23B66205169C" vid_target="589ED7DC-8144-D20A-6657-23B66205169C">
<hideElementsInCurrentOnly>false</hideElementsInCurrentOnly>
<lineWidth>1</lineWidth>
<points>
<point x="738" y="79"/>
<point x="720" y="79"/>
<point x="650" y="81"/>
<point x="650" y="134"/>
<point x="738" y="134"/>
</points>
</Connector>
<Connector class="oracle.dbtools.crest.swingui.logical.TVRelation" oid="A0B8560D-CC0F-6BA2-4165-ECE39A6290CD" otype="Relation" vid_source="765AB686-5E94-EE9E-F361-4648DCE5865B" vid_target="3819EDC4-0CD7-05E7-24BF-8372D665476A">
<hideElementsInCurrentOnly>false</hideElementsInCurrentOnly>
<lineWidth>1</lineWidth>
<points>
<point x="485" y="441"/>
<point x="776" y="441"/>
</points>
</Connector>
<Connector class="oracle.dbtools.crest.swingui.logical.TVRelation" oid="A243D532-4378-C7A0-C664-E1574723DF3C" otype="Relation" vid_source="589ED7DC-8144-D20A-6657-23B66205169C" vid_target="589ED7DC-8144-D20A-6657-23B66205169C">
<hideElementsInCurrentOnly>false</hideElementsInCurrentOnly>
<lineWidth>1</lineWidth>
<points>
<point x="954" y="129"/>
<point x="1005" y="129"/>
<point x="1003" y="166"/>
<point x="962" y="165"/>
<point x="954" y="165"/>
</points>
</Connector>
<Connector class="oracle.dbtools.crest.swingui.logical.TVInheritanceRelation" oid="A355E01D-1093-D994-7EFB-597C66173F59" otype="Hierarchy relation" vid_source="589ED7DC-8144-D20A-6657-23B66205169C" vid_target="3819EDC4-0CD7-05E7-24BF-8372D665476A">
<hideElementsInCurrentOnly>false</hideElementsInCurrentOnly>
<lineWidth>1</lineWidth>
<points>
<point x="865" y="187"/>
<point x="865" y="398"/>
</points>
</Connector>
<Connector class="oracle.dbtools.crest.swingui.logical.TVRelation" oid="AE6309DE-5A8E-C365-2F33-FB520566F69A" otype="Relation" vid_source="765AB686-5E94-EE9E-F361-4648DCE5865B" vid_target="10C32B1F-D95B-AD5F-267B-A82CA3635923">
<hideElementsInCurrentOnly>false</hideElementsInCurrentOnly>
<lineWidth>1</lineWidth>
<points>
<point x="327" y="453"/>
<point x="202" y="453"/>
</points>
</Connector>
<Connector class="oracle.dbtools.crest.swingui.logical.TVRelation" oid="B293400B-D77E-7D82-2E14-E989B5B0FB3E" otype="Relation" vid_source="CE0D4248-140E-AF7B-0668-7D54BC1295FD" vid_target="CE0D4248-140E-AF7B-0668-7D54BC1295FD">
<hideElementsInCurrentOnly>false</hideElementsInCurrentOnly>
<lineWidth>1</lineWidth>
<points>
<point x="246" y="75"/>
<point x="246" y="31"/>
<point x="173" y="30"/>
<point x="173" y="58"/>
<point x="173" y="75"/>
</points>
</Connector>
</connectors>
</Diagram>