<?xml version = '1.0' encoding = 'UTF-8'?>
<Relation class="oracle.dbtools.crest.model.design.logical.Relation" name="projects_dept" directorySegmentName="seg_0" id="04B2FFF8-5AA0-80ED-C8AB-2E3E11052944">
<createdBy>sperl</createdBy>
<createdTime>2016-04-26 05:46:47 UTC</createdTime>
<ownerDesignName>logicalmodel_part2</ownerDesignName>
<sourcePk>3E02AC9C-216C-42DE-B278-167FB6192465</sourcePk>
<identifying>false</identifying>
<optionalSource>true</optionalSource>
<optionalTarget>false</optionalTarget>
<sourceCardinality>1</sourceCardinality>
<sourceEntity>27665ABE-ADFC-091B-715C-CD7F2EB761DA</sourceEntity>
<targetCardinalityString>1</targetCardinalityString>
<targetEntity>3C9DA973-6B56-954A-70C0-46EADE8CE00F</targetEntity>
<transferable>true</transferable>
<deleteRule>NO ACTION</deleteRule>
</Relation>