<?xml version = '1.0' encoding = 'UTF-8'?>
<Relation class="oracle.dbtools.crest.model.design.logical.Relation" name="depts_managers" directorySegmentName="seg_0" id="11223F9C-19A2-26CB-260F-B607012E2FD9">
<createdBy>sperl</createdBy>
<createdTime>2016-04-26 05:41:34 UTC</createdTime>
<ownerDesignName>logicalmodel_part2</ownerDesignName>
<sourcePk>187E0BA3-F738-B92A-6AF9-F4F978C7D545</sourcePk>
<identifying>false</identifying>
<optionalSource>true</optionalSource>
<optionalTarget>false</optionalTarget>
<sourceCardinality>1</sourceCardinality>
<sourceEntity>3C9DA973-6B56-954A-70C0-46EADE8CE00F</sourceEntity>
<targetCardinalityString>*</targetCardinalityString>
<targetEntity>7259B5AD-96C0-1A7C-2D64-522C1B84E870</targetEntity>
<transferable>true</transferable>
<deleteRule>NO ACTION</deleteRule>
</Relation>