<?xml version = '1.0' encoding = 'UTF-8'?>
<Relation class="oracle.dbtools.crest.model.design.logical.Relation" name="depts_projects" directorySegmentName="seg_0" id="2B5FAE21-35E4-492A-0D14-30DA1A492957">
<createdBy>sperl</createdBy>
<createdTime>2016-04-26 05:46:16 UTC</createdTime>
<ownerDesignName>logicalmodel_part2</ownerDesignName>
<sourcePk>187E0BA3-F738-B92A-6AF9-F4F978C7D545</sourcePk>
<identifying>false</identifying>
<optionalSource>true</optionalSource>
<optionalTarget>false</optionalTarget>
<sourceCardinality>1</sourceCardinality>
<sourceEntity>3C9DA973-6B56-954A-70C0-46EADE8CE00F</sourceEntity>
<targetCardinalityString>*</targetCardinalityString>
<targetEntity>27665ABE-ADFC-091B-715C-CD7F2EB761DA</targetEntity>
<transferable>true</transferable>
<deleteRule>NO ACTION</deleteRule>
</Relation>