<?xml version = '1.0' encoding = 'UTF-8'?>
<Relation class="oracle.dbtools.crest.model.design.logical.Relation" name="subprojects" directorySegmentName="seg_0" id="2DBEE7CD-C241-F7E4-3814-F8A8306EE5E6">
<createdBy>sperl</createdBy>
<createdTime>2016-04-26 05:49:02 UTC</createdTime>
<ownerDesignName>logicalmodel_part2</ownerDesignName>
<targetPk>3E02AC9C-216C-42DE-B278-167FB6192465</targetPk>
<identifying>false</identifying>
<optionalSource>true</optionalSource>
<optionalTarget>false</optionalTarget>
<sourceCardinality>1</sourceCardinality>
<sourceEntity>27665ABE-ADFC-091B-715C-CD7F2EB761DA</sourceEntity>
<targetCardinalityString>*</targetCardinalityString>
<targetEntity>27665ABE-ADFC-091B-715C-CD7F2EB761DA</targetEntity>
<transferable>true</transferable>
<deleteRule>NO ACTION</deleteRule>
</Relation>