<?xml version = '1.0' encoding = 'UTF-8'?>
<Relation class="oracle.dbtools.crest.model.design.logical.Relation" name="Employee&apos;s Manager" directorySegmentName="seg_0" id="301ED603-34BA-BDE4-B949-04D410F18B46">
<createdBy>sperl</createdBy>
<createdTime>2016-04-26 05:28:29 UTC</createdTime>
<ownerDesignName>logicalmodel_part2</ownerDesignName>
<identifying>false</identifying>
<optionalSource>true</optionalSource>
<optionalTarget>false</optionalTarget>
<sourceCardinality>1</sourceCardinality>
<sourceEntity>7157DD33-B01A-4074-C181-A3FB4B305AF3</sourceEntity>
<targetCardinalityString>1</targetCardinalityString>
<targetEntity>7259B5AD-96C0-1A7C-2D64-522C1B84E870</targetEntity>
<transferable>true</transferable>
<deleteRule>NO ACTION</deleteRule>
</Relation>