<?xml version = '1.0' encoding = 'UTF-8'?>
<Relation class="oracle.dbtools.crest.model.design.logical.Relation" name="Relation_1" directorySegmentName="seg_0" id="448677D3-EC5D-966C-974D-069F556B9D7E">
<createdBy>sperl</createdBy>
<createdTime>2016-04-26 05:20:30 UTC</createdTime>
<ownerDesignName>logicalmodel_part2</ownerDesignName>
<identifying>false</identifying>
<optionalSource>true</optionalSource>
<optionalTarget>false</optionalTarget>
<sourceCardinality>*</sourceCardinality>
<sourceEntity>A6B9CB29-A482-DBFC-E8ED-999580EA0A02</sourceEntity>
<targetCardinalityString>*</targetCardinalityString>
<targetEntity>0015734B-BA28-B61C-9B0B-E306A5329E1B</targetEntity>
<transferable>true</transferable>
<deleteRule>NO ACTION</deleteRule>
</Relation>