<?xml version = '1.0' encoding = 'UTF-8'?>
<Relation class="oracle.dbtools.crest.model.design.logical.Relation" name="Current PM" directorySegmentName="seg_0" id="5A6355B4-A63C-41E2-253B-1217DA584DDA">
<createdBy>sperl</createdBy>
<createdTime>2016-04-26 05:32:26 UTC</createdTime>
<ownerDesignName>logicalmodel_part2</ownerDesignName>
<sourcePk>3E02AC9C-216C-42DE-B278-167FB6192465</sourcePk>
<identifying>false</identifying>
<optionalSource>true</optionalSource>
<optionalTarget>false</optionalTarget>
<sourceCardinality>1</sourceCardinality>
<sourceEntity>27665ABE-ADFC-091B-715C-CD7F2EB761DA</sourceEntity>
<targetCardinalityString>1</targetCardinalityString>
<targetEntity>7259B5AD-96C0-1A7C-2D64-522C1B84E870</targetEntity>
<transferable>true</transferable>
<deleteRule>NO ACTION</deleteRule>
</Relation>