<?xml version = '1.0' encoding = 'UTF-8'?>
<Relation class="oracle.dbtools.crest.model.design.logical.Relation" name="Projects of Employee" directorySegmentName="seg_0" id="5E162F3F-2C9B-87EB-05D3-60E381CBDF07">
<createdBy>sperl</createdBy>
<createdTime>2016-04-26 05:24:39 UTC</createdTime>
<ownerDesignName>logicalmodel_part2</ownerDesignName>
<identifying>false</identifying>
<optionalSource>true</optionalSource>
<optionalTarget>false</optionalTarget>
<sourceCardinality>*</sourceCardinality>
<sourceEntity>0015734B-BA28-B61C-9B0B-E306A5329E1B</sourceEntity>
<targetCardinalityString>*</targetCardinalityString>
<targetEntity>A6B9CB29-A482-DBFC-E8ED-999580EA0A02</targetEntity>
<transferable>true</transferable>
<deleteRule>NO ACTION</deleteRule>
</Relation>