<?xml version = '1.0' encoding = 'UTF-8'?>
<Relation class="oracle.dbtools.crest.model.design.logical.Relation" name="Projects Managing" directorySegmentName="seg_0" id="66191D73-8B72-DC44-1CD2-5E25D763DB51">
<createdBy>sperl</createdBy>
<createdTime>2016-04-26 05:30:52 UTC</createdTime>
<ownerDesignName>logicalmodel_part2</ownerDesignName>
<identifying>false</identifying>
<optionalSource>true</optionalSource>
<optionalTarget>false</optionalTarget>
<sourceCardinality>1</sourceCardinality>
<sourceEntity>7259B5AD-96C0-1A7C-2D64-522C1B84E870</sourceEntity>
<targetCardinalityString>*</targetCardinalityString>
<targetEntity>27665ABE-ADFC-091B-715C-CD7F2EB761DA</targetEntity>
<transferable>true</transferable>
<deleteRule>NO ACTION</deleteRule>
</Relation>