<?xml version = '1.0' encoding = 'UTF-8'?>
<Relation class="oracle.dbtools.crest.model.design.logical.Relation" name="Children" directorySegmentName="seg_0" id="89C4F36D-A14E-6CD1-CAD4-EF444F35D888">
<createdBy>sperl</createdBy>
<createdTime>2016-04-26 05:25:10 UTC</createdTime>
<ownerDesignName>logicalmodel_part2</ownerDesignName>
<identifying>false</identifying>
<optionalSource>true</optionalSource>
<optionalTarget>false</optionalTarget>
<sourceCardinality>*</sourceCardinality>
<sourceEntity>E5EFE61D-6C5F-7C07-BA3E-D86B8B4B3536</sourceEntity>
<targetCardinalityString>*</targetCardinalityString>
<targetEntity>E5EFE61D-6C5F-7C07-BA3E-D86B8B4B3536</targetEntity>
<transferable>true</transferable>
<deleteRule>NO ACTION</deleteRule>
</Relation>