<?xml version = '1.0' encoding = 'UTF-8'?>
<Relation class="oracle.dbtools.crest.model.design.logical.Relation" name="Employees Managed By" directorySegmentName="seg_0" id="A0B8560D-CC0F-6BA2-4165-ECE39A6290CD">
<createdBy>sperl</createdBy>
<createdTime>2016-04-26 05:26:51 UTC</createdTime>
<ownerDesignName>logicalmodel_part2</ownerDesignName>
<identifying>false</identifying>
<optionalSource>true</optionalSource>
<optionalTarget>false</optionalTarget>
<sourceCardinality>1</sourceCardinality>
<sourceEntity>7259B5AD-96C0-1A7C-2D64-522C1B84E870</sourceEntity>
<targetCardinalityString>*</targetCardinalityString>
<targetEntity>7157DD33-B01A-4074-C181-A3FB4B305AF3</targetEntity>
<transferable>true</transferable>
<deleteRule>NO ACTION</deleteRule>
</Relation>