<?xml version = '1.0' encoding = 'UTF-8'?>
<Relation class="oracle.dbtools.crest.model.design.logical.Relation" name="Spouse" directorySegmentName="seg_0" id="A243D532-4378-C7A0-C664-E1574723DF3C">
<createdBy>sperl</createdBy>
<createdTime>2016-04-26 05:21:50 UTC</createdTime>
<ownerDesignName>logicalmodel_part2</ownerDesignName>
<identifying>false</identifying>
<optionalSource>true</optionalSource>
<optionalTarget>false</optionalTarget>
<sourceCardinality>1</sourceCardinality>
<sourceEntity>E5EFE61D-6C5F-7C07-BA3E-D86B8B4B3536</sourceEntity>
<targetCardinalityString>1</targetCardinalityString>
<targetEntity>E5EFE61D-6C5F-7C07-BA3E-D86B8B4B3536</targetEntity>
<transferable>true</transferable>
<deleteRule>NO ACTION</deleteRule>
</Relation>