<?xml version = '1.0' encoding = 'UTF-8'?>
<Relation class="oracle.dbtools.crest.model.design.logical.Relation" name="managers_dept" directorySegmentName="seg_0" id="AE6309DE-5A8E-C365-2F33-FB520566F69A">
<createdBy>sperl</createdBy>
<createdTime>2016-04-26 05:39:55 UTC</createdTime>
<ownerDesignName>logicalmodel_part2</ownerDesignName>
<identifying>false</identifying>
<optionalSource>true</optionalSource>
<optionalTarget>false</optionalTarget>
<sourceCardinality>1</sourceCardinality>
<sourceEntity>7259B5AD-96C0-1A7C-2D64-522C1B84E870</sourceEntity>
<targetCardinalityString>1</targetCardinalityString>
<targetEntity>3C9DA973-6B56-954A-70C0-46EADE8CE00F</targetEntity>
<transferable>true</transferable>
<deleteRule>NO ACTION</deleteRule>
</Relation>