<?xml version = '1.0' encoding = 'UTF-8'?>
<Relation class="oracle.dbtools.crest.model.design.logical.Relation" name="parent_project" directorySegmentName="seg_0" id="B293400B-D77E-7D82-2E14-E989B5B0FB3E">
<createdBy>sperl</createdBy>
<createdTime>2016-04-26 05:48:04 UTC</createdTime>
<ownerDesignName>logicalmodel_part2</ownerDesignName>
<targetPk>3E02AC9C-216C-42DE-B278-167FB6192465</targetPk>
<identifying>false</identifying>
<optionalSource>true</optionalSource>
<optionalTarget>false</optionalTarget>
<sourceCardinality>1</sourceCardinality>
<sourceEntity>27665ABE-ADFC-091B-715C-CD7F2EB761DA</sourceEntity>
<targetCardinalityString>1</targetCardinalityString>
<targetEntity>27665ABE-ADFC-091B-715C-CD7F2EB761DA</targetEntity>
<transferable>true</transferable>
<deleteRule>NO ACTION</deleteRule>
</Relation>